Mention,Start index,End index,Title,Wikipedia link
קורין,2,2,קורין (תרכובת הטרצויקלית),https://he.wikipedia.org/wiki/קורין (תרכובת הטרצויקלית)
קורין,2,2,קורין רדגרייב,https://he.wikipedia.org/wiki/קורין רדגרייב
קורין,2,2,קורין רווזלט רובינסון,https://he.wikipedia.org/wiki/קורין רווזלט רובינסון
את,3,3,את,https://he.wikipedia.org/wiki/את
את,3,3,את (כלי),https://he.wikipedia.org/wiki/את (כלי)
את,3,3,את (כתב את),https://he.wikipedia.org/wiki/את (כתב את)
את,3,3,את (כתב עת),https://he.wikipedia.org/wiki/את (כתב עת)
את,3,3,את (מילת יחס),https://he.wikipedia.org/wiki/את (מילת יחס)
את,3,3,את כולכם לרבע שעה,https://he.wikipedia.org/wiki/את כולכם לרבע שעה
שמע,4,4,הקלטה דיגיטלית,https://he.wikipedia.org/wiki/הקלטה דיגיטלית
שמע,4,4,מערכת השמיעה,https://he.wikipedia.org/wiki/מערכת השמיעה
שמע,4,4,מערכת שמע,https://he.wikipedia.org/wiki/מערכת שמע
שמע,4,4,ספר מוקלט,https://he.wikipedia.org/wiki/ספר מוקלט
שמע,4,4,קול,https://he.wikipedia.org/wiki/קול
שמע,4,4,קלטת שמע,https://he.wikipedia.org/wiki/קלטת שמע
שמע,4,4,קריאת שמע,https://he.wikipedia.org/wiki/קריאת שמע
שמע,4,4,שמיעה,https://he.wikipedia.org/wiki/שמיעה
שמע,4,4,שמע,https://he.wikipedia.org/wiki/שמע
שמע,4,4,שמע ישראל,https://he.wikipedia.org/wiki/שמע ישראל
שמע,4,4,תדרי שמע,https://he.wikipedia.org/wiki/תדרי שמע
שמע,4,4,תחום השמע,https://he.wikipedia.org/wiki/תחום השמע
שהכהנים,7,7,כהן,https://he.wikipedia.org/wiki/כהן
לאכול,9,9,אוכל,https://he.wikipedia.org/wiki/אוכל
לאכול,9,9,אכילה,https://he.wikipedia.org/wiki/אכילה
לאכול,9,9,אכילה בסוכה,https://he.wikipedia.org/wiki/אכילה בסוכה
לאכול,9,9,בשר,https://he.wikipedia.org/wiki/בשר
עד,11,11,ד (בית כנסת),https://he.wikipedia.org/wiki/ד (בית כנסת)
עד,11,11,עד,https://he.wikipedia.org/wiki/עד
עד,11,11,עד (מתמטיקה),https://he.wikipedia.org/wiki/עד (מתמטיקה)
עד,11,11,עדות,https://he.wikipedia.org/wiki/עדות
עד,11,11,עדות (הלכה),https://he.wikipedia.org/wiki/עדות (הלכה)
סוף,12,12,סוף,https://he.wikipedia.org/wiki/סוף
סוף,12,12,סוף (פירושונים),https://he.wikipedia.org/wiki/סוף (פירושונים)
סוף,12,12,סוף מצוי,https://he.wikipedia.org/wiki/סוף מצוי
סוף,12,12,קץ המאה,https://he.wikipedia.org/wiki/קץ המאה
הראשונה,14,14,אירוויזיון 1956,https://he.wikipedia.org/wiki/אירוויזיון 1956
הראשונה,14,14,אמנת ז'נבה הראשונה,https://he.wikipedia.org/wiki/אמנת ז'נבה הראשונה
הראשונה,14,14,ארמיית המשמר הראשונה (ברית המועצות),https://he.wikipedia.org/wiki/ארמיית המשמר הראשונה (ברית המועצות)
הראשונה,14,14,ארמיית הפאנצר הראשונה,https://he.wikipedia.org/wiki/ארמיית הפאנצר הראשונה
הראשונה,14,14,דיוויזיית הנחתים הראשונה,https://he.wikipedia.org/wiki/דיוויזיית הנחתים הראשונה
הראשונה,14,14,דיוויזיית הפאנצר הראשונה (ורמאכט),https://he.wikipedia.org/wiki/דיוויזיית הפאנצר הראשונה (ורמאכט)
הראשונה,14,14,האיגרת הראשונה אל טימותיוס,https://he.wikipedia.org/wiki/האיגרת הראשונה אל טימותיוס
הראשונה,14,14,האינתיפאדה הראשונה,https://he.wikipedia.org/wiki/האינתיפאדה הראשונה
הראשונה,14,14,האספה המכוננת,https://he.wikipedia.org/wiki/האספה המכוננת
הראשונה,14,14,הארמייה הראשונה (ארצות הברית),https://he.wikipedia.org/wiki/הארמייה הראשונה (ארצות הברית)
הראשונה,14,14,הארמייה הראשונה (בריטניה),https://he.wikipedia.org/wiki/הארמייה הראשונה (בריטניה)
הראשונה,14,14,הארמייה הראשונה (האימפריה הגרמנית),https://he.wikipedia.org/wiki/הארמייה הראשונה (האימפריה הגרמנית)
הראשונה,14,14,הארמייה הראשונה (האימפריה הרוסית),https://he.wikipedia.org/wiki/הארמייה הראשונה (האימפריה הרוסית)
הראשונה,14,14,הארמייה הראשונה (הונגריה),https://he.wikipedia.org/wiki/הארמייה הראשונה (הונגריה)
הראשונה,14,14,הארמייה הראשונה (צרפת),https://he.wikipedia.org/wiki/הארמייה הראשונה (צרפת)
הראשונה,14,14,הארמייה הראשונה (רומניה),https://he.wikipedia.org/wiki/הארמייה הראשונה (רומניה)
הראשונה,14,14,הבחירות לאספה המכוננת,https://he.wikipedia.org/wiki/הבחירות לאספה המכוננת
הראשונה,14,14,הדיוויזיה הראשונה (סוריה),https://he.wikipedia.org/wiki/הדיוויזיה הראשונה (סוריה)
הראשונה,14,14,החזית האוקראינית הראשונה,https://he.wikipedia.org/wiki/החזית האוקראינית הראשונה
הראשונה,14,14,הכנסת הראשונה,https://he.wikipedia.org/wiki/הכנסת הראשונה
הראשונה,14,14,המאה ה-1,https://he.wikipedia.org/wiki/המאה ה-1
הראשונה,14,14,המאה הראשונה,https://he.wikipedia.org/wiki/המאה הראשונה
הראשונה,14,14,המאה הראשונה לספירה,https://he.wikipedia.org/wiki/המאה הראשונה לספירה
הראשונה,14,14,המכביה הראשונה,https://he.wikipedia.org/wiki/המכביה הראשונה
הראשונה,14,14,המלחמה הברברית הראשונה,https://he.wikipedia.org/wiki/המלחמה הברברית הראשונה
הראשונה,14,14,המלחמה המוקדונית הראשונה,https://he.wikipedia.org/wiki/המלחמה המוקדונית הראשונה
הראשונה,14,14,המלחמה הפונית הראשונה,https://he.wikipedia.org/wiki/המלחמה הפונית הראשונה
הראשונה,14,14,הממשלה ה-29,https://he.wikipedia.org/wiki/הממשלה ה-29
הראשונה,14,14,הסימפוניה הראשונה של בטהובן,https://he.wikipedia.org/wiki/הסימפוניה הראשונה של בטהובן
הראשונה,14,14,העלייה הראשונה,https://he.wikipedia.org/wiki/העלייה הראשונה
הראשונה,14,14,העלייה השנייה,https://he.wikipedia.org/wiki/העלייה השנייה
הראשונה,14,14,הראשונה,https://he.wikipedia.org/wiki/הראשונה
הראשונה,14,14,ועידת ניקיאה,https://he.wikipedia.org/wiki/ועידת ניקיאה
הראשונה,14,14,טוניקה,https://he.wikipedia.org/wiki/טוניקה
הראשונה,14,14,מלחמת אפגניסטן (ברית המועצות),https://he.wikipedia.org/wiki/מלחמת אפגניסטן (ברית המועצות)
הראשונה,14,14,מלחמת הבלקן הראשונה,https://he.wikipedia.org/wiki/מלחמת הבלקן הראשונה
הראשונה,14,14,מלחמת העולם הראשונה,https://he.wikipedia.org/wiki/מלחמת העולם הראשונה
הראשונה,14,14,מלחמת קונגו הראשונה,https://he.wikipedia.org/wiki/מלחמת קונגו הראשונה
הראשונה,14,14,ממשלת ישראל השבע עשרה,https://he.wikipedia.org/wiki/ממשלת ישראל השבע עשרה
הראשונה,14,14,משוואה ליניארית,https://he.wikipedia.org/wiki/משוואה ליניארית
דברי,15,15,דברי,https://he.wikipedia.org/wiki/דברי
דברי,15,15,דברי (קומיקס),https://he.wikipedia.org/wiki/דברי (קומיקס)
ר,16,16,בל יראה,https://he.wikipedia.org/wiki/בל יראה
ר,16,16,דפנה איכילוב,https://he.wikipedia.org/wiki/דפנה איכילוב
ר,16,16,טיסה,https://he.wikipedia.org/wiki/טיסה
ר,16,16,יודורה ולטי,https://he.wikipedia.org/wiki/יודורה ולטי
ר,16,16,משקפיים,https://he.wikipedia.org/wiki/משקפיים
ר,16,16,ר,https://he.wikipedia.org/wiki/ר
ר,16,16,רא,https://he.wikipedia.org/wiki/רא
ר,16,16,רונית שני,https://he.wikipedia.org/wiki/רונית שני
אליעזר,17,17,אליעזר,https://he.wikipedia.org/wiki/אליעזר
אליעזר,17,17,אליעזר (בן משה),https://he.wikipedia.org/wiki/אליעזר (בן משה)
אליעזר,17,17,אליעזר ארנסטר,https://he.wikipedia.org/wiki/אליעזר ארנסטר
אליעזר,17,17,אליעזר בן הורקנוס,https://he.wikipedia.org/wiki/אליעזר בן הורקנוס
אליעזר,17,17,אליעזר בן-יהודה,https://he.wikipedia.org/wiki/אליעזר בן-יהודה
אליעזר,17,17,אליעזר ברודסקי,https://he.wikipedia.org/wiki/אליעזר ברודסקי
אליעזר,17,17,אליעזר גולדשמידט,https://he.wikipedia.org/wiki/אליעזר גולדשמידט
אליעזר,17,17,אליעזר הגר,https://he.wikipedia.org/wiki/אליעזר הגר
אליעזר,17,17,אליעזר הגר (דמשק אליעזר),https://he.wikipedia.org/wiki/אליעזר הגר (דמשק אליעזר)
אליעזר,17,17,אליעזר הורוביץ,https://he.wikipedia.org/wiki/אליעזר הורוביץ
אליעזר,17,17,אליעזר ילין,https://he.wikipedia.org/wiki/אליעזר ילין
אליעזר,17,17,אליעזר יעקבזון,https://he.wikipedia.org/wiki/אליעזר יעקבזון
אליעזר,17,17,אליעזר כהנמן,https://he.wikipedia.org/wiki/אליעזר כהנמן
אליעזר,17,17,אליעזר לופיאן,https://he.wikipedia.org/wiki/אליעזר לופיאן
אליעזר,17,17,אליעזר מזרחי,https://he.wikipedia.org/wiki/אליעזר מזרחי
אליעזר,17,17,אליעזר עבד אברהם,https://he.wikipedia.org/wiki/אליעזר עבד אברהם
אליעזר,17,17,אליעזר פרנקל,https://he.wikipedia.org/wiki/אליעזר פרנקל
אליעזר,17,17,אליעזר רחמילביץ,https://he.wikipedia.org/wiki/אליעזר רחמילביץ
אליעזר,17,17,אליעזר שושני,https://he.wikipedia.org/wiki/אליעזר שושני
אליעזר,17,17,אלעזר הכהן,https://he.wikipedia.org/wiki/אלעזר הכהן
עד,20,20,ד (בית כנסת),https://he.wikipedia.org/wiki/ד (בית כנסת)
עד,20,20,עד,https://he.wikipedia.org/wiki/עד
עד,20,20,עד (מתמטיקה),https://he.wikipedia.org/wiki/עד (מתמטיקה)
עד,20,20,עדות,https://he.wikipedia.org/wiki/עדות
עד,20,20,עדות (הלכה),https://he.wikipedia.org/wiki/עדות (הלכה)
חצות,21,21,חצות,https://he.wikipedia.org/wiki/חצות
חצות,21,21,חצות (אלבום),https://he.wikipedia.org/wiki/חצות (אלבום)
חצות,21,21,חצות (הלכה),https://he.wikipedia.org/wiki/חצות (הלכה)
חצות,21,21,חצות (להקה),https://he.wikipedia.org/wiki/חצות (להקה)
חצות,21,21,חצות היום (הלכה),https://he.wikipedia.org/wiki/חצות היום (הלכה)
רבן,22,22,מרא דאתרא,https://he.wikipedia.org/wiki/מרא דאתרא
רבן,22,22,תארים רבניים,https://he.wikipedia.org/wiki/תארים רבניים
גמליאל,23,23,גילה גמליאל,https://he.wikipedia.org/wiki/גילה גמליאל
גמליאל,23,23,גמליאל,https://he.wikipedia.org/wiki/גמליאל
גמליאל,23,23,גמליאל בן פדהצור,https://he.wikipedia.org/wiki/גמליאל בן פדהצור
גמליאל,23,23,גמליאל בן רבי,https://he.wikipedia.org/wiki/גמליאל בן רבי
גמליאל,23,23,גמליאל רבינוביץ,https://he.wikipedia.org/wiki/גמליאל רבינוביץ
גמליאל,23,23,רבן גמליאל הזקן,https://he.wikipedia.org/wiki/רבן גמליאל הזקן
אומר,24,24,אומר,https://he.wikipedia.org/wiki/אומר
אומר,24,24,אומר לברונה,https://he.wikipedia.org/wiki/אומר לברונה
עד,25,25,ד (בית כנסת),https://he.wikipedia.org/wiki/ד (בית כנסת)
עד,25,25,עד,https://he.wikipedia.org/wiki/עד
עד,25,25,עד (מתמטיקה),https://he.wikipedia.org/wiki/עד (מתמטיקה)
עד,25,25,עדות,https://he.wikipedia.org/wiki/עדות
עד,25,25,עדות (הלכה),https://he.wikipedia.org/wiki/עדות (הלכה)
עמוד,27,27,מערת עמוד,https://he.wikipedia.org/wiki/מערת עמוד
עמוד,27,27,עמוד,https://he.wikipedia.org/wiki/עמוד
עמוד,27,27,עמוד (חזן),https://he.wikipedia.org/wiki/עמוד (חזן)
עמוד,27,27,עמוד (ספר),https://he.wikipedia.org/wiki/עמוד (ספר)
עמוד,27,27,עמודי אבן טבעיים כמובן,https://he.wikipedia.org/wiki/עמודי אבן טבעיים כמובן
השחר,28,28,השחר,https://he.wikipedia.org/wiki/השחר
השחר,28,28,השחר (אגודה ציונית),https://he.wikipedia.org/wiki/השחר (אגודה ציונית)
השחר,28,28,מחלקת השחר,https://he.wikipedia.org/wiki/מחלקת השחר
מעשה,29,29,אגדה (יהדות),https://he.wikipedia.org/wiki/אגדה (יהדות)
מעשה,29,29,אלימות במשפחה,https://he.wikipedia.org/wiki/אלימות במשפחה
מעשה,29,29,מעשה,https://he.wikipedia.org/wiki/מעשה
בניו,31,31,בן,https://he.wikipedia.org/wiki/בן
בניו,31,31,בני נוח,https://he.wikipedia.org/wiki/בני נוח
בניו,31,31,האחים מאיר,https://he.wikipedia.org/wiki/האחים מאיר
בניו,31,31,עם ישראל,https://he.wikipedia.org/wiki/עם ישראל
בניו,31,31,עשרת בני המן,https://he.wikipedia.org/wiki/עשרת בני המן
מבית,32,32,מבית,https://he.wikipedia.org/wiki/מבית
המשתה,33,33,המשתה,https://he.wikipedia.org/wiki/המשתה
המשתה,33,33,המשתה (דיאלוג אפלטוני),https://he.wikipedia.org/wiki/המשתה (דיאלוג אפלטוני)
המשתה,33,33,המשתה (סרט),https://he.wikipedia.org/wiki/המשתה (סרט)
המשתה,33,33,המשתה (קסנופון),https://he.wikipedia.org/wiki/המשתה (קסנופון)
אמרו,34,34,אמרו,https://he.wikipedia.org/wiki/אמרו
אמרו,34,34,הנפה המיוחדת של אמרו,https://he.wikipedia.org/wiki/הנפה המיוחדת של אמרו
לו,35,35,איסור לשאול בבעל אוב,https://he.wikipedia.org/wiki/איסור לשאול בבעל אוב
לו,35,35,לו,https://he.wikipedia.org/wiki/לו
לו,35,35,לו (מדינה),https://he.wikipedia.org/wiki/לו (מדינה)
לו,35,35,לו (רוח),https://he.wikipedia.org/wiki/לו (רוח)
לו,35,35,משמרות כהונה,https://he.wikipedia.org/wiki/משמרות כהונה
לו,35,35,שרלוק הולמס,https://he.wikipedia.org/wiki/שרלוק הולמס
לא,36,36,בנימין זאב הרצל,https://he.wikipedia.org/wiki/בנימין זאב הרצל
לא,36,36,חומות של תקווה,https://he.wikipedia.org/wiki/חומות של תקווה
לא,36,36,טעות,https://he.wikipedia.org/wiki/טעות
לא,36,36,לא,https://he.wikipedia.org/wiki/לא
לא,36,36,לא (לוגיקה),https://he.wikipedia.org/wiki/לא (לוגיקה)
לא,36,36,לא (סרט קולנוע),https://he.wikipedia.org/wiki/לא (סרט קולנוע)
לא,36,36,שילוח טמאים,https://he.wikipedia.org/wiki/שילוח טמאים
לא,36,36,שקר,https://he.wikipedia.org/wiki/שקר
את,38,38,את,https://he.wikipedia.org/wiki/את
את,38,38,את (כלי),https://he.wikipedia.org/wiki/את (כלי)
את,38,38,את (כתב את),https://he.wikipedia.org/wiki/את (כתב את)
את,38,38,את (כתב עת),https://he.wikipedia.org/wiki/את (כתב עת)
את,38,38,את (מילת יחס),https://he.wikipedia.org/wiki/את (מילת יחס)
את,38,38,את כולכם לרבע שעה,https://he.wikipedia.org/wiki/את כולכם לרבע שעה
שמע,39,39,הקלטה דיגיטלית,https://he.wikipedia.org/wiki/הקלטה דיגיטלית
שמע,39,39,מערכת השמיעה,https://he.wikipedia.org/wiki/מערכת השמיעה
שמע,39,39,מערכת שמע,https://he.wikipedia.org/wiki/מערכת שמע
שמע,39,39,ספר מוקלט,https://he.wikipedia.org/wiki/ספר מוקלט
שמע,39,39,קול,https://he.wikipedia.org/wiki/קול
שמע,39,39,קלטת שמע,https://he.wikipedia.org/wiki/קלטת שמע
שמע,39,39,קריאת שמע,https://he.wikipedia.org/wiki/קריאת שמע
שמע,39,39,שמיעה,https://he.wikipedia.org/wiki/שמיעה
שמע,39,39,שמע,https://he.wikipedia.org/wiki/שמע
שמע,39,39,שמע ישראל,https://he.wikipedia.org/wiki/שמע ישראל
שמע,39,39,תדרי שמע,https://he.wikipedia.org/wiki/תדרי שמע
שמע,39,39,תחום השמע,https://he.wikipedia.org/wiki/תחום השמע
אמר,40,40,אהרן אמר,https://he.wikipedia.org/wiki/אהרן אמר
אמר,40,40,אמפר (נהר),https://he.wikipedia.org/wiki/אמפר (נהר)
אמר,40,40,אמר,https://he.wikipedia.org/wiki/אמר
אמר,40,40,אמר (ספרד),https://he.wikipedia.org/wiki/אמר (ספרד)
אמר,40,40,אמר (עיתון),https://he.wikipedia.org/wiki/אמר (עיתון)
אמר,40,40,אמר (קטלוניה),https://he.wikipedia.org/wiki/אמר (קטלוניה)
אמר,40,40,דיבור,https://he.wikipedia.org/wiki/דיבור
אם,42,42,אימא,https://he.wikipedia.org/wiki/אימא
אם,42,42,אם,https://he.wikipedia.org/wiki/אם
אם,42,42,אם (משפחה),https://he.wikipedia.org/wiki/אם (משפחה)
אם,42,42,אם (קומיקס),https://he.wikipedia.org/wiki/אם (קומיקס)
אם,42,42,אם (שיר),https://he.wikipedia.org/wiki/אם (שיר)
אם,42,42,אם-אז,https://he.wikipedia.org/wiki/אם-אז
אם,42,42,אמא,https://he.wikipedia.org/wiki/אמא
אם,42,42,הוכחה בדרך השלילה,https://he.wikipedia.org/wiki/הוכחה בדרך השלילה
אם,42,42,הורות,https://he.wikipedia.org/wiki/הורות
אם,42,42,ז'ול אם,https://he.wikipedia.org/wiki/ז'ול אם
אם,42,42,רובין סקוט,https://he.wikipedia.org/wiki/רובין סקוט
לא,43,43,בנימין זאב הרצל,https://he.wikipedia.org/wiki/בנימין זאב הרצל
לא,43,43,חומות של תקווה,https://he.wikipedia.org/wiki/חומות של תקווה
לא,43,43,טעות,https://he.wikipedia.org/wiki/טעות
לא,43,43,לא,https://he.wikipedia.org/wiki/לא
לא,43,43,לא (לוגיקה),https://he.wikipedia.org/wiki/לא (לוגיקה)
לא,43,43,לא (סרט קולנוע),https://he.wikipedia.org/wiki/לא (סרט קולנוע)
לא,43,43,שילוח טמאים,https://he.wikipedia.org/wiki/שילוח טמאים
לא,43,43,שקר,https://he.wikipedia.org/wiki/שקר
עלה,44,44, עלייה לארץ ישראל,https://he.wikipedia.org/wiki/ עלייה לארץ ישראל
עלה,44,44,העלייה ההמונית,https://he.wikipedia.org/wiki/העלייה ההמונית
עלה,44,44,העלייה החמישית,https://he.wikipedia.org/wiki/העלייה החמישית
עלה,44,44,העלייה הראשונה,https://he.wikipedia.org/wiki/העלייה הראשונה
עלה,44,44,העלייה הרביעית,https://he.wikipedia.org/wiki/העלייה הרביעית
עלה,44,44,העלייה השלישית,https://he.wikipedia.org/wiki/העלייה השלישית
עלה,44,44,העלייה השנייה,https://he.wikipedia.org/wiki/העלייה השנייה
עלה,44,44,העלייה מברית המועצות בשנות השבעים,https://he.wikipedia.org/wiki/העלייה מברית המועצות בשנות השבעים
עלה,44,44,העלייה מברית המועצות לשעבר בשנות ה-90,https://he.wikipedia.org/wiki/העלייה מברית המועצות לשעבר בשנות ה-90
עלה,44,44,העלייה מברית המועצות לשעבר בשנות התשעים,https://he.wikipedia.org/wiki/העלייה מברית המועצות לשעבר בשנות התשעים
עלה,44,44,העלייה מגרמניה,https://he.wikipedia.org/wiki/העלייה מגרמניה
עלה,44,44,העלייה ממרוקו,https://he.wikipedia.org/wiki/העלייה ממרוקו
עלה,44,44,העפלה,https://he.wikipedia.org/wiki/העפלה
עלה,44,44,עולה חדש,https://he.wikipedia.org/wiki/עולה חדש
עלה,44,44,עולים,https://he.wikipedia.org/wiki/עולים
עלה,44,44,עלה,https://he.wikipedia.org/wiki/עלה
עלה,44,44,עלה (ארגון),https://he.wikipedia.org/wiki/עלה (ארגון)
עלה,44,44,עלה (כלי נשיפה),https://he.wikipedia.org/wiki/עלה (כלי נשיפה)
עלה,44,44,עלה (מוזיקה),https://he.wikipedia.org/wiki/עלה (מוזיקה)
עלה,44,44,עלה (עמותה),https://he.wikipedia.org/wiki/עלה (עמותה)
עלה,44,44,עלה לישראל,https://he.wikipedia.org/wiki/עלה לישראל
עלה,44,44,עליה,https://he.wikipedia.org/wiki/עליה
עלה,44,44,עליה לארץ ישראל,https://he.wikipedia.org/wiki/עליה לארץ ישראל
עלה,44,44,עליה לישראל,https://he.wikipedia.org/wiki/עליה לישראל
עלה,44,44,עליות לאחר קום המדינה,https://he.wikipedia.org/wiki/עליות לאחר קום המדינה
עלה,44,44,עליות לארץ ישראל,https://he.wikipedia.org/wiki/עליות לארץ ישראל
עלה,44,44,עלייה,https://he.wikipedia.org/wiki/עלייה
עלה,44,44,עלייה חמישית,https://he.wikipedia.org/wiki/עלייה חמישית
עלה,44,44,עלייה לארץ,https://he.wikipedia.org/wiki/עלייה לארץ
עלה,44,44,עלייה לארץ ישראל,https://he.wikipedia.org/wiki/עלייה לארץ ישראל
עלה,44,44,עלייה לישראל,https://he.wikipedia.org/wiki/עלייה לישראל
עלה,44,44,עלייה לרגל,https://he.wikipedia.org/wiki/עלייה לרגל
עלה,44,44,עלייה ראשונה,https://he.wikipedia.org/wiki/עלייה ראשונה
עלה,44,44,עלייה רביעית,https://he.wikipedia.org/wiki/עלייה רביעית
עלה,44,44,עליית גומולקה,https://he.wikipedia.org/wiki/עליית גומולקה
עמוד,45,45,מערת עמוד,https://he.wikipedia.org/wiki/מערת עמוד
עמוד,45,45,עמוד,https://he.wikipedia.org/wiki/עמוד
עמוד,45,45,עמוד (חזן),https://he.wikipedia.org/wiki/עמוד (חזן)
עמוד,45,45,עמוד (ספר),https://he.wikipedia.org/wiki/עמוד (ספר)
עמוד,45,45,עמודי אבן טבעיים כמובן,https://he.wikipedia.org/wiki/עמודי אבן טבעיים כמובן
השחר,46,46,השחר,https://he.wikipedia.org/wiki/השחר
השחר,46,46,השחר (אגודה ציונית),https://he.wikipedia.org/wiki/השחר (אגודה ציונית)
השחר,46,46,מחלקת השחר,https://he.wikipedia.org/wiki/מחלקת השחר
אתם,48,48,מטאפיזיקה,https://he.wikipedia.org/wiki/מטאפיזיקה
לקרות,49,49,קורה (מבנה),https://he.wikipedia.org/wiki/קורה (מבנה)
לקרות,49,49,תקרה,https://he.wikipedia.org/wiki/תקרה
ולא,50,50,ולאר,https://he.wikipedia.org/wiki/ולאר
זו,51,51,אישה,https://he.wikipedia.org/wiki/אישה
זו,51,51,הפרעת קשב וריכוז,https://he.wikipedia.org/wiki/הפרעת קשב וריכוז
זו,51,51,מחוז זו,https://he.wikipedia.org/wiki/מחוז זו
זו,51,51,עמליה זיו,https://he.wikipedia.org/wiki/עמליה זיו
זו,51,51,צפע ארצישראלי,https://he.wikipedia.org/wiki/צפע ארצישראלי
זו,51,51,קישור לעריכה,https://he.wikipedia.org/wiki/קישור לעריכה
בלבד,52,52,אנדמי,https://he.wikipedia.org/wiki/אנדמי
אמרו,53,53,אמרו,https://he.wikipedia.org/wiki/אמרו
אמרו,53,53,הנפה המיוחדת של אמרו,https://he.wikipedia.org/wiki/הנפה המיוחדת של אמרו
כל,55,55,הכללה,https://he.wikipedia.org/wiki/הכללה
כל,55,55,כמת,https://he.wikipedia.org/wiki/כמת
כל,55,55,סטנלי פישר,https://he.wikipedia.org/wiki/סטנלי פישר
מה,56,56,בורובודור,https://he.wikipedia.org/wiki/בורובודור
מה,56,56,האיגרת הראשונה אל טימותיוס,https://he.wikipedia.org/wiki/האיגרת הראשונה אל טימותיוס
מה,56,56,לא תתגודדו,https://he.wikipedia.org/wiki/לא תתגודדו
מה,56,56,מה,https://he.wikipedia.org/wiki/מה
מה,56,56,מייקל לואיס (דוגמן),https://he.wikipedia.org/wiki/מייקל לואיס (דוגמן)
חכמים,58,58,אמוראים,https://he.wikipedia.org/wiki/אמוראים
חכמים,58,58,בינה מלאכותית,https://he.wikipedia.org/wiki/בינה מלאכותית
חכמים,58,58,דרבנן,https://he.wikipedia.org/wiki/דרבנן
חכמים,58,58,חוכמה,https://he.wikipedia.org/wiki/חוכמה
חכמים,58,58,חכם,https://he.wikipedia.org/wiki/חכם
חכמים,58,58,חכמי ישראל,https://he.wikipedia.org/wiki/חכמי ישראל
חכמים,58,58,חכמים,https://he.wikipedia.org/wiki/חכמים
חכמים,58,58,טלפון חכם,https://he.wikipedia.org/wiki/טלפון חכם
חכמים,58,58,סכולסטיקה,https://he.wikipedia.org/wiki/סכולסטיקה
חכמים,58,58,סנהדרין,https://he.wikipedia.org/wiki/סנהדרין
חכמים,58,58,תלמיד חכם,https://he.wikipedia.org/wiki/תלמיד חכם
חכמים,58,58,תנא קמא,https://he.wikipedia.org/wiki/תנא קמא
חכמים,58,58,תנאים,https://he.wikipedia.org/wiki/תנאים
חכמים,58,58,תקנת חכמים,https://he.wikipedia.org/wiki/תקנת חכמים
עד,59,59,ד (בית כנסת),https://he.wikipedia.org/wiki/ד (בית כנסת)
עד,59,59,עד,https://he.wikipedia.org/wiki/עד
עד,59,59,עד (מתמטיקה),https://he.wikipedia.org/wiki/עד (מתמטיקה)
עד,59,59,עדות,https://he.wikipedia.org/wiki/עדות
עד,59,59,עדות (הלכה),https://he.wikipedia.org/wiki/עדות (הלכה)
חצות,60,60,חצות,https://he.wikipedia.org/wiki/חצות
חצות,60,60,חצות (אלבום),https://he.wikipedia.org/wiki/חצות (אלבום)
חצות,60,60,חצות (הלכה),https://he.wikipedia.org/wiki/חצות (הלכה)
חצות,60,60,חצות (להקה),https://he.wikipedia.org/wiki/חצות (להקה)
חצות,60,60,חצות היום (הלכה),https://he.wikipedia.org/wiki/חצות היום (הלכה)
עד,62,62,ד (בית כנסת),https://he.wikipedia.org/wiki/ד (בית כנסת)
עד,62,62,עד,https://he.wikipedia.org/wiki/עד
עד,62,62,עד (מתמטיקה),https://he.wikipedia.org/wiki/עד (מתמטיקה)
עד,62,62,עדות,https://he.wikipedia.org/wiki/עדות
עד,62,62,עדות (הלכה),https://he.wikipedia.org/wiki/עדות (הלכה)
עמוד,64,64,מערת עמוד,https://he.wikipedia.org/wiki/מערת עמוד
עמוד,64,64,עמוד,https://he.wikipedia.org/wiki/עמוד
עמוד,64,64,עמוד (חזן),https://he.wikipedia.org/wiki/עמוד (חזן)
עמוד,64,64,עמוד (ספר),https://he.wikipedia.org/wiki/עמוד (ספר)
עמוד,64,64,עמודי אבן טבעיים כמובן,https://he.wikipedia.org/wiki/עמודי אבן טבעיים כמובן
השחר,65,65,השחר,https://he.wikipedia.org/wiki/השחר
השחר,65,65,השחר (אגודה ציונית),https://he.wikipedia.org/wiki/השחר (אגודה ציונית)
השחר,65,65,מחלקת השחר,https://he.wikipedia.org/wiki/מחלקת השחר
הקטר,66,66,הקטאר,https://he.wikipedia.org/wiki/הקטאר
הקטר,66,66,הקטר,https://he.wikipedia.org/wiki/הקטר
חלבים,67,67,חלב (עיר),https://he.wikipedia.org/wiki/חלב (עיר)
חלבים,67,67,חלב (שומן),https://he.wikipedia.org/wiki/חלב (שומן)
חלבים,67,67,יהדות סוריה,https://he.wikipedia.org/wiki/יהדות סוריה
עד,70,70,ד (בית כנסת),https://he.wikipedia.org/wiki/ד (בית כנסת)
עד,70,70,עד,https://he.wikipedia.org/wiki/עד
עד,70,70,עד (מתמטיקה),https://he.wikipedia.org/wiki/עד (מתמטיקה)
עד,70,70,עדות,https://he.wikipedia.org/wiki/עדות
עד,70,70,עדות (הלכה),https://he.wikipedia.org/wiki/עדות (הלכה)
עמוד,72,72,מערת עמוד,https://he.wikipedia.org/wiki/מערת עמוד
עמוד,72,72,עמוד,https://he.wikipedia.org/wiki/עמוד
עמוד,72,72,עמוד (חזן),https://he.wikipedia.org/wiki/עמוד (חזן)
עמוד,72,72,עמוד (ספר),https://he.wikipedia.org/wiki/עמוד (ספר)
עמוד,72,72,עמודי אבן טבעיים כמובן,https://he.wikipedia.org/wiki/עמודי אבן טבעיים כמובן
השחר,73,73,השחר,https://he.wikipedia.org/wiki/השחר
השחר,73,73,השחר (אגודה ציונית),https://he.wikipedia.org/wiki/השחר (אגודה ציונית)
השחר,73,73,מחלקת השחר,https://he.wikipedia.org/wiki/מחלקת השחר
אחד,77,77,1 (מספר),https://he.wikipedia.org/wiki/1 (מספר)
אחד,77,77,אופק (לוויין),https://he.wikipedia.org/wiki/אופק (לוויין)
אחד,77,77,אחד,https://he.wikipedia.org/wiki/אחד
אחד,77,77,אחד (ספר),https://he.wikipedia.org/wiki/אחד (ספר)
אחד,77,77,אסקיה מחמד הראשון,https://he.wikipedia.org/wiki/אסקיה מחמד הראשון
אחד,77,77,בית המדרש לרבנים בווילנה,https://he.wikipedia.org/wiki/בית המדרש לרבנים בווילנה
אחד,77,77,הצלף (ספר מתח),https://he.wikipedia.org/wiki/הצלף (ספר מתח)
אחד,77,77,חגי המגיב מעלי,https://he.wikipedia.org/wiki/חגי המגיב מעלי
אחד,77,77,יצירות מופת בספרות העולמית,https://he.wikipedia.org/wiki/יצירות מופת בספרות העולמית
אחד,77,77,עזמי בשארה,https://he.wikipedia.org/wiki/עזמי בשארה
עד,79,79,ד (בית כנסת),https://he.wikipedia.org/wiki/ד (בית כנסת)
עד,79,79,עד,https://he.wikipedia.org/wiki/עד
עד,79,79,עד (מתמטיקה),https://he.wikipedia.org/wiki/עד (מתמטיקה)
עד,79,79,עדות,https://he.wikipedia.org/wiki/עדות
עד,79,79,עדות (הלכה),https://he.wikipedia.org/wiki/עדות (הלכה)
עמוד,81,81,מערת עמוד,https://he.wikipedia.org/wiki/מערת עמוד
עמוד,81,81,עמוד,https://he.wikipedia.org/wiki/עמוד
עמוד,81,81,עמוד (חזן),https://he.wikipedia.org/wiki/עמוד (חזן)
עמוד,81,81,עמוד (ספר),https://he.wikipedia.org/wiki/עמוד (ספר)
עמוד,81,81,עמודי אבן טבעיים כמובן,https://he.wikipedia.org/wiki/עמודי אבן טבעיים כמובן
השחר,82,82,השחר,https://he.wikipedia.org/wiki/השחר
השחר,82,82,השחר (אגודה ציונית),https://he.wikipedia.org/wiki/השחר (אגודה ציונית)
השחר,82,82,מחלקת השחר,https://he.wikipedia.org/wiki/מחלקת השחר
למה,84,84,למה,https://he.wikipedia.org/wiki/למה
למה,84,84,למה (אי),https://he.wikipedia.org/wiki/למה (אי)
למה,84,84,למה (מתמטיקה),https://he.wikipedia.org/wiki/למה (מתמטיקה)
למה,84,84,למה (סוג),https://he.wikipedia.org/wiki/למה (סוג)
למה,84,84,למה מצויה,https://he.wikipedia.org/wiki/למה מצויה
למה,84,84,למי (שכונה),https://he.wikipedia.org/wiki/למי (שכונה)
למה,84,84,קריסטינה פרננדס דה קירשנר,https://he.wikipedia.org/wiki/קריסטינה פרננדס דה קירשנר
אמרו,85,85,אמרו,https://he.wikipedia.org/wiki/אמרו
אמרו,85,85,הנפה המיוחדת של אמרו,https://he.wikipedia.org/wiki/הנפה המיוחדת של אמרו
חכמים,86,86,אמוראים,https://he.wikipedia.org/wiki/אמוראים
חכמים,86,86,בינה מלאכותית,https://he.wikipedia.org/wiki/בינה מלאכותית
חכמים,86,86,דרבנן,https://he.wikipedia.org/wiki/דרבנן
חכמים,86,86,חוכמה,https://he.wikipedia.org/wiki/חוכמה
חכמים,86,86,חכם,https://he.wikipedia.org/wiki/חכם
חכמים,86,86,חכמי ישראל,https://he.wikipedia.org/wiki/חכמי ישראל
חכמים,86,86,חכמים,https://he.wikipedia.org/wiki/חכמים
חכמים,86,86,טלפון חכם,https://he.wikipedia.org/wiki/טלפון חכם
חכמים,86,86,סכולסטיקה,https://he.wikipedia.org/wiki/סכולסטיקה
חכמים,86,86,סנהדרין,https://he.wikipedia.org/wiki/סנהדרין
חכמים,86,86,תלמיד חכם,https://he.wikipedia.org/wiki/תלמיד חכם
חכמים,86,86,תנא קמא,https://he.wikipedia.org/wiki/תנא קמא
חכמים,86,86,תנאים,https://he.wikipedia.org/wiki/תנאים
חכמים,86,86,תקנת חכמים,https://he.wikipedia.org/wiki/תקנת חכמים
עד,87,87,ד (בית כנסת),https://he.wikipedia.org/wiki/ד (בית כנסת)
עד,87,87,עד,https://he.wikipedia.org/wiki/עד
עד,87,87,עד (מתמטיקה),https://he.wikipedia.org/wiki/עד (מתמטיקה)
עד,87,87,עדות,https://he.wikipedia.org/wiki/עדות
עד,87,87,עדות (הלכה),https://he.wikipedia.org/wiki/עדות (הלכה)
חצות,88,88,חצות,https://he.wikipedia.org/wiki/חצות
חצות,88,88,חצות (אלבום),https://he.wikipedia.org/wiki/חצות (אלבום)
חצות,88,88,חצות (הלכה),https://he.wikipedia.org/wiki/חצות (הלכה)
חצות,88,88,חצות (להקה),https://he.wikipedia.org/wiki/חצות (להקה)
חצות,88,88,חצות היום (הלכה),https://he.wikipedia.org/wiki/חצות היום (הלכה)
כדי,89,89,כד,https://he.wikipedia.org/wiki/כד
כדי,89,89,כדים,https://he.wikipedia.org/wiki/כדים
כדי,89,89,פרנסיס גולטון,https://he.wikipedia.org/wiki/פרנסיס גולטון
אדם,91,91,אדולף אדם,https://he.wikipedia.org/wiki/אדולף אדם
אדם,91,91,אדם,https://he.wikipedia.org/wiki/אדם
אדם,91,91,אדם (אסלאם),https://he.wikipedia.org/wiki/אדם (אסלאם)
אדם,91,91,אדם (גבינה),https://he.wikipedia.org/wiki/אדם (גבינה)
אדם,91,91,אדם (דמות מקראית),https://he.wikipedia.org/wiki/אדם (דמות מקראית)
אדם,91,91,אדם (התנחלות),https://he.wikipedia.org/wiki/אדם (התנחלות)
אדם,91,91,אדם (זמר),https://he.wikipedia.org/wiki/אדם (זמר)
אדם,91,91,אדם (טולקין),https://he.wikipedia.org/wiki/אדם (טולקין)
אדם,91,91,אדם (להקה),https://he.wikipedia.org/wiki/אדם (להקה)
אדם,91,91,אדם (מחזה),https://he.wikipedia.org/wiki/אדם (מחזה)
אדם,91,91,אדם (מקרא),https://he.wikipedia.org/wiki/אדם (מקרא)
אדם,91,91,אדם (סוג),https://he.wikipedia.org/wiki/אדם (סוג)
אדם,91,91,אדם (סרט),https://he.wikipedia.org/wiki/אדם (סרט)
אדם,91,91,אדם (עיר),https://he.wikipedia.org/wiki/אדם (עיר)
אדם,91,91,אדם (פירושונים),https://he.wikipedia.org/wiki/אדם (פירושונים)
אדם,91,91,אדם הראשון,https://he.wikipedia.org/wiki/אדם הראשון
אדם,91,91,אדם וורלוק,https://he.wikipedia.org/wiki/אדם וורלוק
אדם,91,91,אדם וחוה,https://he.wikipedia.org/wiki/אדם וחוה
אדם,91,91,אדם וחווה,https://he.wikipedia.org/wiki/אדם וחווה
אדם,91,91,אדם כהן,https://he.wikipedia.org/wiki/אדם כהן
אדם,91,91,אדם מודרני,https://he.wikipedia.org/wiki/אדם מודרני
אדם,91,91,אדם נבון,https://he.wikipedia.org/wiki/אדם נבון
אדם,91,91,אדם נבון מודרני,https://he.wikipedia.org/wiki/אדם נבון מודרני
אדם,91,91,איש,https://he.wikipedia.org/wiki/איש
אדם,91,91,אנושות,https://he.wikipedia.org/wiki/אנושות
אדם,91,91,בן אדם,https://he.wikipedia.org/wiki/בן אדם
אדם,91,91,בן אנוש,https://he.wikipedia.org/wiki/בן אנוש
אדם,91,91,בן-אדם,https://he.wikipedia.org/wiki/בן-אדם
אדם,91,91,בני אדם,https://he.wikipedia.org/wiki/בני אדם
אדם,91,91,גבע בנימין,https://he.wikipedia.org/wiki/גבע בנימין
אדם,91,91,גבר,https://he.wikipedia.org/wiki/גבר
אדם,91,91,גוף האדם,https://he.wikipedia.org/wiki/גוף האדם
אדם,91,91,גשר אדם,https://he.wikipedia.org/wiki/גשר אדם
אדם,91,91,דמויי אדם,https://he.wikipedia.org/wiki/דמויי אדם
אדם,91,91,האדם הנבון,https://he.wikipedia.org/wiki/האדם הנבון
אדם,91,91,הומו ספיינס,https://he.wikipedia.org/wiki/הומו ספיינס
אדם,91,91,הוצאת לאור אדם,https://he.wikipedia.org/wiki/הוצאת לאור אדם
אדם,91,91,חיים כהן (זמר),https://he.wikipedia.org/wiki/חיים כהן (זמר)
אדם,91,91,טומאת אדם,https://he.wikipedia.org/wiki/טומאת אדם
אדם,91,91,קורבן אדם,https://he.wikipedia.org/wiki/קורבן אדם
אדם,91,91,קרבן אדם,https://he.wikipedia.org/wiki/קרבן אדם
מן,92,92,מן,https://he.wikipedia.org/wiki/מן
מן,92,92,מן (אזור),https://he.wikipedia.org/wiki/מן (אזור)
מן,92,92,מן (מחוז),https://he.wikipedia.org/wiki/מן (מחוז)
מן,92,92,מן (נהר),https://he.wikipedia.org/wiki/מן (נהר)
מן,92,92,מן (עיר),https://he.wikipedia.org/wiki/מן (עיר)
מן,92,92,מן (צרפת),https://he.wikipedia.org/wiki/מן (צרפת)
מן,92,92,רוקחמן,https://he.wikipedia.org/wiki/רוקחמן
העבירה,93,93,גילוי עריות,https://he.wikipedia.org/wiki/גילוי עריות
העבירה,93,93,טרנספר,https://he.wikipedia.org/wiki/טרנספר
תנא,95,95,תנא,https://he.wikipedia.org/wiki/תנא
תנא,95,95,תנאים,https://he.wikipedia.org/wiki/תנאים
קאי,97,97,ברטרנד קאי,https://he.wikipedia.org/wiki/ברטרנד קאי
מאי,101,101,מאי,https://he.wikipedia.org/wiki/מאי
מאי,101,101,מאי הקטנה,https://he.wikipedia.org/wiki/מאי הקטנה
מאי,101,101,סקוט מאי,https://he.wikipedia.org/wiki/סקוט מאי
מאי,101,101,קרל מאי (כדורגלן),https://he.wikipedia.org/wiki/קרל מאי (כדורגלן)
שנא,102,102,לא לגלות ערוות אב,https://he.wikipedia.org/wiki/לא לגלות ערוות אב
שנא,102,102,שנאה,https://he.wikipedia.org/wiki/שנאה
בערבית,104,104,ערבית,https://he.wikipedia.org/wiki/ערבית
ברישא,105,105,ברשה,https://he.wikipedia.org/wiki/ברשה
ברישא,105,105,ז'שוב,https://he.wikipedia.org/wiki/ז'שוב
ברישא,108,108,ברשה,https://he.wikipedia.org/wiki/ברשה
ברישא,108,108,ז'שוב,https://he.wikipedia.org/wiki/ז'שוב
תנא,109,109,תנא,https://he.wikipedia.org/wiki/תנא
תנא,109,109,תנאים,https://he.wikipedia.org/wiki/תנאים
קאי,111,111,ברטרנד קאי,https://he.wikipedia.org/wiki/ברטרנד קאי
דברים,113,113,אדגר אלן פו,https://he.wikipedia.org/wiki/אדגר אלן פו
דברים,113,113,דברים,https://he.wikipedia.org/wiki/דברים
דברים,113,113,דברים (יונה וולך),https://he.wikipedia.org/wiki/דברים (יונה וולך)
דברים,113,113,דברים (סרט),https://he.wikipedia.org/wiki/דברים (סרט)
דברים,113,113,דברים (פרשה),https://he.wikipedia.org/wiki/דברים (פרשה)
דברים,113,113,ספר דברים,https://he.wikipedia.org/wiki/ספר דברים
דברים,113,113,פרשת דברים,https://he.wikipedia.org/wiki/פרשת דברים
זמן,119,119,אזור זמן,https://he.wikipedia.org/wiki/אזור זמן
זמן,119,119,אחדות זמן,https://he.wikipedia.org/wiki/אחדות זמן
זמן,119,119,גאולה,https://he.wikipedia.org/wiki/גאולה
זמן,119,119,זה יהיה בדיוק לפני הבחירות לרשויות המקומיות,https://he.wikipedia.org/wiki/זה יהיה בדיוק לפני הבחירות לרשויות המקומיות
זמן,119,119,זמן,https://he.wikipedia.org/wiki/זמן
זמן,119,119,זמן (בלשנות),https://he.wikipedia.org/wiki/זמן (בלשנות)
זמן,119,119,זמן (ישיבה),https://he.wikipedia.org/wiki/זמן (ישיבה)
זמן,119,119,זמן (ישיבות),https://he.wikipedia.org/wiki/זמן (ישיבות)
זמן,119,119,זמן (מגזין),https://he.wikipedia.org/wiki/זמן (מגזין)
זמן,119,119,זמן (עיר),https://he.wikipedia.org/wiki/זמן (עיר)
זמן,119,119,זמן דקדוקי,https://he.wikipedia.org/wiki/זמן דקדוקי
זמן,119,119,זמן ריצה,https://he.wikipedia.org/wiki/זמן ריצה
זמן,119,119,חקר זמן,https://he.wikipedia.org/wiki/חקר זמן
זמן,119,119,טיים מגזין,https://he.wikipedia.org/wiki/טיים מגזין
זמן,119,119,מסע בזמן,https://he.wikipedia.org/wiki/מסע בזמן
זמן,119,119,סיבוכיות,https://he.wikipedia.org/wiki/סיבוכיות
זמן,119,119,סיבוכיות זמן,https://he.wikipedia.org/wiki/סיבוכיות זמן
קריאת,120,120,מקרא מגילה,https://he.wikipedia.org/wiki/מקרא מגילה
קריאת,120,120,קריאה,https://he.wikipedia.org/wiki/קריאה
שמע,121,121,הקלטה דיגיטלית,https://he.wikipedia.org/wiki/הקלטה דיגיטלית
שמע,121,121,מערכת השמיעה,https://he.wikipedia.org/wiki/מערכת השמיעה
שמע,121,121,מערכת שמע,https://he.wikipedia.org/wiki/מערכת שמע
שמע,121,121,ספר מוקלט,https://he.wikipedia.org/wiki/ספר מוקלט
שמע,121,121,קול,https://he.wikipedia.org/wiki/קול
שמע,121,121,קלטת שמע,https://he.wikipedia.org/wiki/קלטת שמע
שמע,121,121,קריאת שמע,https://he.wikipedia.org/wiki/קריאת שמע
שמע,121,121,שמיעה,https://he.wikipedia.org/wiki/שמיעה
שמע,121,121,שמע,https://he.wikipedia.org/wiki/שמע
שמע,121,121,שמע ישראל,https://he.wikipedia.org/wiki/שמע ישראל
שמע,121,121,תדרי שמע,https://he.wikipedia.org/wiki/תדרי שמע
שמע,121,121,תחום השמע,https://he.wikipedia.org/wiki/תחום השמע
שהכהנים,125,125,כהן,https://he.wikipedia.org/wiki/כהן
לאכול,127,127,אוכל,https://he.wikipedia.org/wiki/אוכל
לאכול,127,127,אכילה,https://he.wikipedia.org/wiki/אכילה
לאכול,127,127,אכילה בסוכה,https://he.wikipedia.org/wiki/אכילה בסוכה
לאכול,127,127,בשר,https://he.wikipedia.org/wiki/בשר
ואי,129,129,ואי,https://he.wikipedia.org/wiki/ואי
ואי,129,129,ואי (סרט),https://he.wikipedia.org/wiki/ואי (סרט)
אימא,131,131,אם (משפחה),https://he.wikipedia.org/wiki/אם (משפחה)
של,134,134,אורסטס (מחזה),https://he.wikipedia.org/wiki/אורסטס (מחזה)
של,134,134,דניאל מורשת,https://he.wikipedia.org/wiki/דניאל מורשת
של,134,134,האוניברסיטה הפתוחה,https://he.wikipedia.org/wiki/האוניברסיטה הפתוחה
של,134,134,לא לגלות ערוות אם,https://he.wikipedia.org/wiki/לא לגלות ערוות אם
של,134,134,מיון של,https://he.wikipedia.org/wiki/מיון של
של,134,134,של,https://he.wikipedia.org/wiki/של
של,134,134,של (מילת יחס),https://he.wikipedia.org/wiki/של (מילת יחס)
של,134,134,של אויל קומפני,https://he.wikipedia.org/wiki/של אויל קומפני
עולם,135,135,אגן הים התיכון,https://he.wikipedia.org/wiki/אגן הים התיכון
עולם,135,135,אנושות,https://he.wikipedia.org/wiki/אנושות
עולם,135,135,אסאפה פאוול,https://he.wikipedia.org/wiki/אסאפה פאוול
עולם,135,135,בריאת העולם (יהדות),https://he.wikipedia.org/wiki/בריאת העולם (יהדות)
עולם,135,135,האומות המאוחדות,https://he.wikipedia.org/wiki/האומות המאוחדות
עולם,135,135,היקום,https://he.wikipedia.org/wiki/היקום
עולם,135,135,העולם,https://he.wikipedia.org/wiki/העולם
עולם,135,135,העולם הזה (יהדות),https://he.wikipedia.org/wiki/העולם הזה (יהדות)
עולם,135,135,כדור הארץ,https://he.wikipedia.org/wiki/כדור הארץ
עולם,135,135,מבנה (לוגיקה),https://he.wikipedia.org/wiki/מבנה (לוגיקה)
עולם,135,135,מוזיקת עולם,https://he.wikipedia.org/wiki/מוזיקת עולם
עולם,135,135,עולם,https://he.wikipedia.org/wiki/עולם
עולם,135,135,עולם (אלבום),https://he.wikipedia.org/wiki/עולם (אלבום)
עולם,135,135,עולם (דיקלה),https://he.wikipedia.org/wiki/עולם (דיקלה)
עולם,135,135,עולם (פילוסופיה יהודית),https://he.wikipedia.org/wiki/עולם (פילוסופיה יהודית)
עולם,135,135,קרין,https://he.wikipedia.org/wiki/קרין
עולם,135,135,שיא עולם,https://he.wikipedia.org/wiki/שיא עולם
עולם,135,135,תערוכה עולמית,https://he.wikipedia.org/wiki/תערוכה עולמית
בראשית,137,137,בראשית,https://he.wikipedia.org/wiki/בראשית
בראשית,137,137,בראשית (אלבום),https://he.wikipedia.org/wiki/בראשית (אלבום)
בראשית,137,137,בראשית (חברה),https://he.wikipedia.org/wiki/בראשית (חברה)
בראשית,137,137,בראשית (מלון),https://he.wikipedia.org/wiki/בראשית (מלון)
בראשית,137,137,בראשית (פרשה),https://he.wikipedia.org/wiki/בראשית (פרשה)
בראשית,137,137,חומש בראשית,https://he.wikipedia.org/wiki/חומש בראשית
בראשית,137,137,ספר בראשית,https://he.wikipedia.org/wiki/ספר בראשית
בראשית,137,137,פסטיבל בראשית,https://he.wikipedia.org/wiki/פסטיבל בראשית
בראשית,137,137,פרשת בראשית,https://he.wikipedia.org/wiki/פרשת בראשית
אה,138,138,אה,https://he.wikipedia.org/wiki/אה
ערב,140,140,ארוחת ערב,https://he.wikipedia.org/wiki/ארוחת ערב
ערב,140,140,אריגה,https://he.wikipedia.org/wiki/אריגה
ערב,140,140,ארצות ערב,https://he.wikipedia.org/wiki/ארצות ערב
ערב,140,140,הממלכה הנבטית,https://he.wikipedia.org/wiki/הממלכה הנבטית
ערב,140,140,חצי האי ערב,https://he.wikipedia.org/wiki/חצי האי ערב
ערב,140,140,לימודי ערב,https://he.wikipedia.org/wiki/לימודי ערב
ערב,140,140,מדידה וציון של זמן,https://he.wikipedia.org/wiki/מדידה וציון של זמן
ערב,140,140,מדינות ערב,https://he.wikipedia.org/wiki/מדינות ערב
ערב,140,140,עירוב,https://he.wikipedia.org/wiki/עירוב
ערב,140,140,עראבה,https://he.wikipedia.org/wiki/עראבה
ערב,140,140,ערב,https://he.wikipedia.org/wiki/ערב
ערב,140,140,ערב (יום),https://he.wikipedia.org/wiki/ערב (יום)
ערב,140,140,ערב (יישוב עתיק),https://he.wikipedia.org/wiki/ערב (יישוב עתיק)
ערב,140,140,ערב הסעודית,https://he.wikipedia.org/wiki/ערב הסעודית
ערב,140,140,ערב חג המולד,https://he.wikipedia.org/wiki/ערב חג המולד
ערב,140,140,ערבות,https://he.wikipedia.org/wiki/ערבות
ערב,140,140,ערבות (הלכה),https://he.wikipedia.org/wiki/ערבות (הלכה)
ערב,140,140,ערבות (משפט עברי),https://he.wikipedia.org/wiki/ערבות (משפט עברי)
ערב,140,140,ערבים,https://he.wikipedia.org/wiki/ערבים
ערב,140,140,פילוסופיה ערבית,https://he.wikipedia.org/wiki/פילוסופיה ערבית
ערב,140,140,פלסטינים,https://he.wikipedia.org/wiki/פלסטינים
ערב,140,140,שתי וערב,https://he.wikipedia.org/wiki/שתי וערב
ערב,140,140,תפילת ערבית,https://he.wikipedia.org/wiki/תפילת ערבית
בקר,142,142, הוצאת בקר,https://he.wikipedia.org/wiki/ הוצאת בקר
בקר,142,142,בוקר (מקצוע),https://he.wikipedia.org/wiki/בוקר (מקצוע)
בקר,142,142,בוריס בקר,https://he.wikipedia.org/wiki/בוריס בקר
בקר,142,142,בקר,https://he.wikipedia.org/wiki/בקר
בקר,142,142,בקר (אלקטרוניקה),https://he.wikipedia.org/wiki/בקר (אלקטרוניקה)
בקר,142,142,בקר (סדרת טלוויזיה),https://he.wikipedia.org/wiki/בקר (סדרת טלוויזיה)
בקר,142,142,בקר (סימן היתק),https://he.wikipedia.org/wiki/בקר (סימן היתק)
בקר,142,142,בקר הבית,https://he.wikipedia.org/wiki/בקר הבית
בקר,142,142,בקר לבשר,https://he.wikipedia.org/wiki/בקר לבשר
בקר,142,142,בקר לחלב,https://he.wikipedia.org/wiki/בקר לחלב
בקר,142,142,בשר בקר,https://he.wikipedia.org/wiki/בשר בקר
בקר,142,142,ג'ויסטיק,https://he.wikipedia.org/wiki/ג'ויסטיק
בקר,142,142,גארי בקר,https://he.wikipedia.org/wiki/גארי בקר
בקר,142,142,הוצאת בקר,https://he.wikipedia.org/wiki/הוצאת בקר
בקר,142,142,מיקרו בקר,https://he.wikipedia.org/wiki/מיקרו בקר
בקר,142,142,מיקרו-בקר,https://he.wikipedia.org/wiki/מיקרו-בקר
בקר,142,142,מערך הבקרה בחיל האוויר הישראלי,https://he.wikipedia.org/wiki/מערך הבקרה בחיל האוויר הישראלי
בקר,142,142,עגל,https://he.wikipedia.org/wiki/עגל
בקר,142,142,פרה,https://he.wikipedia.org/wiki/פרה
בקר,142,142,תאוריית המוזיקה,https://he.wikipedia.org/wiki/תאוריית המוזיקה
בקר,142,142,תורת הבקרה,https://he.wikipedia.org/wiki/תורת הבקרה
יום,143,143,אלק דאגלס-יום,https://he.wikipedia.org/wiki/אלק דאגלס-יום
יום,143,143,ג'ון יום,https://he.wikipedia.org/wiki/ג'ון יום
יום,143,143,דוד יום,https://he.wikipedia.org/wiki/דוד יום
יום,143,143,דיוויד יום,https://he.wikipedia.org/wiki/דיוויד יום
יום,143,143,דייוויד יום,https://he.wikipedia.org/wiki/דייוויד יום
יום,143,143,דייויד יום,https://he.wikipedia.org/wiki/דייויד יום
יום,143,143,העת החדשה,https://he.wikipedia.org/wiki/העת החדשה
יום,143,143,יום,https://he.wikipedia.org/wiki/יום
יום,143,143,יום (נהר),https://he.wikipedia.org/wiki/יום (נהר)
יום,143,143,יום הכיפורים,https://he.wikipedia.org/wiki/יום הכיפורים
יום,143,143,יום הקדוש,https://he.wikipedia.org/wiki/יום הקדוש
יום,143,143,יממה,https://he.wikipedia.org/wiki/יממה
יום,143,143,פעיל יום,https://he.wikipedia.org/wiki/פעיל יום
יום,143,143,שבעה עשר בתמוז,https://he.wikipedia.org/wiki/שבעה עשר בתמוז
אחד,144,144,1 (מספר),https://he.wikipedia.org/wiki/1 (מספר)
אחד,144,144,אופק (לוויין),https://he.wikipedia.org/wiki/אופק (לוויין)
אחד,144,144,אחד,https://he.wikipedia.org/wiki/אחד
אחד,144,144,אחד (ספר),https://he.wikipedia.org/wiki/אחד (ספר)
אחד,144,144,אסקיה מחמד הראשון,https://he.wikipedia.org/wiki/אסקיה מחמד הראשון
אחד,144,144,בית המדרש לרבנים בווילנה,https://he.wikipedia.org/wiki/בית המדרש לרבנים בווילנה
אחד,144,144,הצלף (ספר מתח),https://he.wikipedia.org/wiki/הצלף (ספר מתח)
אחד,144,144,חגי המגיב מעלי,https://he.wikipedia.org/wiki/חגי המגיב מעלי
אחד,144,144,יצירות מופת בספרות העולמית,https://he.wikipedia.org/wiki/יצירות מופת בספרות העולמית
אחד,144,144,עזמי בשארה,https://he.wikipedia.org/wiki/עזמי בשארה
אי,145,145,1979,https://he.wikipedia.org/wiki/1979
אי,145,145,אי,https://he.wikipedia.org/wiki/אי
אי,145,145,אי (מפרץ),https://he.wikipedia.org/wiki/אי (מפרץ)
אי,145,145,אי (נושאת מטוסים),https://he.wikipedia.org/wiki/אי (נושאת מטוסים)
אי,145,145,האי הבריטי,https://he.wikipedia.org/wiki/האי הבריטי
אי,145,145,האי של מונטריאול,https://he.wikipedia.org/wiki/האי של מונטריאול
אי,145,145,ויס (אי),https://he.wikipedia.org/wiki/ויס (אי)
אי,145,145,לונג איילנד,https://he.wikipedia.org/wiki/לונג איילנד
אי,145,145,מלטה (אי),https://he.wikipedia.org/wiki/מלטה (אי)
אי,145,145,מקנזי קינג (אי),https://he.wikipedia.org/wiki/מקנזי קינג (אי)
אי,145,145,נבל,https://he.wikipedia.org/wiki/נבל
אי,145,145,סטטן איילנד,https://he.wikipedia.org/wiki/סטטן איילנד
אי,145,145,סלמיס (אי),https://he.wikipedia.org/wiki/סלמיס (אי)
אי,145,145,סנט הלנה,https://he.wikipedia.org/wiki/סנט הלנה
אי,145,145,קי,https://he.wikipedia.org/wiki/קי
סיפא,147,147,סיפא,https://he.wikipedia.org/wiki/סיפא
בשחר,149,149,תפילת שחרית,https://he.wikipedia.org/wiki/תפילת שחרית
מברך,150,150,ברכה,https://he.wikipedia.org/wiki/ברכה
מברך,150,150,ברכה (יהדות),https://he.wikipedia.org/wiki/ברכה (יהדות)
מברך,150,150,ברכה (נוהג דתי),https://he.wikipedia.org/wiki/ברכה (נוהג דתי)
מברך,150,150,ברכה (של מנהיג דתי),https://he.wikipedia.org/wiki/ברכה (של מנהיג דתי)
מברך,150,150,ברכות המצוות,https://he.wikipedia.org/wiki/ברכות המצוות
מברך,156,156,ברכה,https://he.wikipedia.org/wiki/ברכה
מברך,156,156,ברכה (יהדות),https://he.wikipedia.org/wiki/ברכה (יהדות)
מברך,156,156,ברכה (נוהג דתי),https://he.wikipedia.org/wiki/ברכה (נוהג דתי)
מברך,156,156,ברכה (של מנהיג דתי),https://he.wikipedia.org/wiki/ברכה (של מנהיג דתי)
מברך,156,156,ברכות המצוות,https://he.wikipedia.org/wiki/ברכות המצוות
ברישא,163,163,ברשה,https://he.wikipedia.org/wiki/ברשה
ברישא,163,163,ז'שוב,https://he.wikipedia.org/wiki/ז'שוב
תנא,164,164,תנא,https://he.wikipedia.org/wiki/תנא
תנא,164,164,תנאים,https://he.wikipedia.org/wiki/תנאים
פתח,165,165,ניקוד,https://he.wikipedia.org/wiki/ניקוד
פתח,165,165,פתח,https://he.wikipedia.org/wiki/פתח
פתח,165,165,פתח (אל),https://he.wikipedia.org/wiki/פתח (אל)
פתח,165,165,פתח (ניקוד),https://he.wikipedia.org/wiki/פתח (ניקוד)
בערבית,166,166,ערבית,https://he.wikipedia.org/wiki/ערבית
עד,170,170,ד (בית כנסת),https://he.wikipedia.org/wiki/ד (בית כנסת)
עד,170,170,עד,https://he.wikipedia.org/wiki/עד
עד,170,170,עד (מתמטיקה),https://he.wikipedia.org/wiki/עד (מתמטיקה)
עד,170,170,עדות,https://he.wikipedia.org/wiki/עדות
עד,170,170,עדות (הלכה),https://he.wikipedia.org/wiki/עדות (הלכה)
פריש,173,173,פריש,https://he.wikipedia.org/wiki/פריש
פריש,173,173,פריש (מועצה אזורית),https://he.wikipedia.org/wiki/פריש (מועצה אזורית)
פריש,173,173,קרל פון פריש,https://he.wikipedia.org/wiki/קרל פון פריש
פריש,173,173,רגנר פריש,https://he.wikipedia.org/wiki/רגנר פריש
מילי,174,174,מילי,https://he.wikipedia.org/wiki/מילי
מילי,174,174,מילי (סרט),https://he.wikipedia.org/wiki/מילי (סרט)
מילי,174,174,נחל מילי,https://he.wikipedia.org/wiki/נחל מילי
פריש,177,177,פריש,https://he.wikipedia.org/wiki/פריש
פריש,177,177,פריש (מועצה אזורית),https://he.wikipedia.org/wiki/פריש (מועצה אזורית)
פריש,177,177,קרל פון פריש,https://he.wikipedia.org/wiki/קרל פון פריש
פריש,177,177,רגנר פריש,https://he.wikipedia.org/wiki/רגנר פריש
מילי,178,178,מילי,https://he.wikipedia.org/wiki/מילי
מילי,178,178,מילי (סרט),https://he.wikipedia.org/wiki/מילי (סרט)
מילי,178,178,נחל מילי,https://he.wikipedia.org/wiki/נחל מילי
אמר,180,180,אהרן אמר,https://he.wikipedia.org/wiki/אהרן אמר
אמר,180,180,אמפר (נהר),https://he.wikipedia.org/wiki/אמפר (נהר)
אמר,180,180,אמר,https://he.wikipedia.org/wiki/אמר
אמר,180,180,אמר (ספרד),https://he.wikipedia.org/wiki/אמר (ספרד)
אמר,180,180,אמר (עיתון),https://he.wikipedia.org/wiki/אמר (עיתון)
אמר,180,180,אמר (קטלוניה),https://he.wikipedia.org/wiki/אמר (קטלוניה)
אמר,180,180,דיבור,https://he.wikipedia.org/wiki/דיבור
מר,181,181,מר,https://he.wikipedia.org/wiki/מר
מר,181,181,מר ת'נרדייה,https://he.wikipedia.org/wiki/מר ת'נרדייה
שהכהנים,183,183,כהן,https://he.wikipedia.org/wiki/כהן
לאכול,185,185,אוכל,https://he.wikipedia.org/wiki/אוכל
לאכול,185,185,אכילה,https://he.wikipedia.org/wiki/אכילה
לאכול,185,185,אכילה בסוכה,https://he.wikipedia.org/wiki/אכילה בסוכה
לאכול,185,185,בשר,https://he.wikipedia.org/wiki/בשר
מכדי,187,187,וחשוב מכך,https://he.wikipedia.org/wiki/וחשוב מכך
כהנים,188,188,כהן,https://he.wikipedia.org/wiki/כהן
כהנים,188,188,כהן (איש דת),https://he.wikipedia.org/wiki/כהן (איש דת)
כהנים,188,188,כהן (ביתא ישראל),https://he.wikipedia.org/wiki/כהן (ביתא ישראל)
כהנים,188,188,כהן (יהדות),https://he.wikipedia.org/wiki/כהן (יהדות)
כהנים,188,188,כהן (מבוכים ודרקונים),https://he.wikipedia.org/wiki/כהן (מבוכים ודרקונים)
כהנים,188,188,כהנים,https://he.wikipedia.org/wiki/כהנים
כהנים,188,188,כוהן,https://he.wikipedia.org/wiki/כוהן
כהנים,188,188,פלאמן,https://he.wikipedia.org/wiki/פלאמן
כהנים,188,188,קס,https://he.wikipedia.org/wiki/קס
כהנים,188,188,שלוש עשרה ערי הכהנים,https://he.wikipedia.org/wiki/שלוש עשרה ערי הכהנים
קא,190,190,אותו ואת בנו לא תשחטו ביום אחד,https://he.wikipedia.org/wiki/אותו ואת בנו לא תשחטו ביום אחד
קא,190,190,טומאת מצורע,https://he.wikipedia.org/wiki/טומאת מצורע
קא,190,190,קא,https://he.wikipedia.org/wiki/קא
קא,190,190,קא (קרקס השמש),https://he.wikipedia.org/wiki/קא (קרקס השמש)
תרומה,192,192,התרמה,https://he.wikipedia.org/wiki/התרמה
תרומה,192,192,חלה (מתנות כהונה),https://he.wikipedia.org/wiki/חלה (מתנות כהונה)
תרומה,192,192,פרשת תרומה,https://he.wikipedia.org/wiki/פרשת תרומה
תרומה,192,192,צדקה,https://he.wikipedia.org/wiki/צדקה
תרומה,192,192,תרומה,https://he.wikipedia.org/wiki/תרומה
תרומה,192,192,תרומה (הלכה),https://he.wikipedia.org/wiki/תרומה (הלכה)
תרומה,192,192,תרומה (פרשה),https://he.wikipedia.org/wiki/תרומה (פרשה)
תרומה,192,192,תרומה גדולה,https://he.wikipedia.org/wiki/תרומה גדולה
תרומה,192,192,תרומות ומעשרות,https://he.wikipedia.org/wiki/תרומות ומעשרות
צאת,194,194,יציאת מצרים,https://he.wikipedia.org/wiki/יציאת מצרים
הכוכבים,195,195,כוכב,https://he.wikipedia.org/wiki/כוכב
הכוכבים,195,195,כוכב (סמל),https://he.wikipedia.org/wiki/כוכב (סמל)
הכוכבים,195,195,כוכב קולנוע,https://he.wikipedia.org/wiki/כוכב קולנוע
הכוכבים,195,195,כוכבים,https://he.wikipedia.org/wiki/כוכבים
צאת,198,198,יציאת מצרים,https://he.wikipedia.org/wiki/יציאת מצרים
הכוכבים,199,199,כוכב,https://he.wikipedia.org/wiki/כוכב
הכוכבים,199,199,כוכב (סמל),https://he.wikipedia.org/wiki/כוכב (סמל)
הכוכבים,199,199,כוכב קולנוע,https://he.wikipedia.org/wiki/כוכב קולנוע
הכוכבים,199,199,כוכבים,https://he.wikipedia.org/wiki/כוכבים
אגב,201,201,אגב,https://he.wikipedia.org/wiki/אגב
אגב,201,201,קניין אגב,https://he.wikipedia.org/wiki/קניין אגב
לן,204,204,אוני לן,https://he.wikipedia.org/wiki/אוני לן
לן,204,204,לן (להקה),https://he.wikipedia.org/wiki/לן (להקה)
כהנים,205,205,כהן,https://he.wikipedia.org/wiki/כהן
כהנים,205,205,כהן (איש דת),https://he.wikipedia.org/wiki/כהן (איש דת)
כהנים,205,205,כהן (ביתא ישראל),https://he.wikipedia.org/wiki/כהן (ביתא ישראל)
כהנים,205,205,כהן (יהדות),https://he.wikipedia.org/wiki/כהן (יהדות)
כהנים,205,205,כהן (מבוכים ודרקונים),https://he.wikipedia.org/wiki/כהן (מבוכים ודרקונים)
כהנים,205,205,כהנים,https://he.wikipedia.org/wiki/כהנים
כהנים,205,205,כוהן,https://he.wikipedia.org/wiki/כוהן
כהנים,205,205,פלאמן,https://he.wikipedia.org/wiki/פלאמן
כהנים,205,205,קס,https://he.wikipedia.org/wiki/קס
כהנים,205,205,שלוש עשרה ערי הכהנים,https://he.wikipedia.org/wiki/שלוש עשרה ערי הכהנים
קא,207,207,אותו ואת בנו לא תשחטו ביום אחד,https://he.wikipedia.org/wiki/אותו ואת בנו לא תשחטו ביום אחד
קא,207,207,טומאת מצורע,https://he.wikipedia.org/wiki/טומאת מצורע
קא,207,207,קא,https://he.wikipedia.org/wiki/קא
קא,207,207,קא (קרקס השמש),https://he.wikipedia.org/wiki/קא (קרקס השמש)
צאת,211,211,יציאת מצרים,https://he.wikipedia.org/wiki/יציאת מצרים
הכוכבים,212,212,כוכב,https://he.wikipedia.org/wiki/כוכב
הכוכבים,212,212,כוכב (סמל),https://he.wikipedia.org/wiki/כוכב (סמל)
הכוכבים,212,212,כוכב קולנוע,https://he.wikipedia.org/wiki/כוכב קולנוע
הכוכבים,212,212,כוכבים,https://he.wikipedia.org/wiki/כוכבים
לן,215,215,אוני לן,https://he.wikipedia.org/wiki/אוני לן
לן,215,215,לן (להקה),https://he.wikipedia.org/wiki/לן (להקה)
לא,217,217,בנימין זאב הרצל,https://he.wikipedia.org/wiki/בנימין זאב הרצל
לא,217,217,חומות של תקווה,https://he.wikipedia.org/wiki/חומות של תקווה
לא,217,217,טעות,https://he.wikipedia.org/wiki/טעות
לא,217,217,לא,https://he.wikipedia.org/wiki/לא
לא,217,217,לא (לוגיקה),https://he.wikipedia.org/wiki/לא (לוגיקה)
לא,217,217,לא (סרט קולנוע),https://he.wikipedia.org/wiki/לא (סרט קולנוע)
לא,217,217,שילוח טמאים,https://he.wikipedia.org/wiki/שילוח טמאים
לא,217,217,שקר,https://he.wikipedia.org/wiki/שקר
ויקרא,220,220,ויקרא,https://he.wikipedia.org/wiki/ויקרא
ויקרא,220,220,ויקרא (פרשה),https://he.wikipedia.org/wiki/ויקרא (פרשה)
ויקרא,220,220,חומש ויקרא,https://he.wikipedia.org/wiki/חומש ויקרא
ויקרא,220,220,ספר ויקרא,https://he.wikipedia.org/wiki/ספר ויקרא
ויקרא,220,220,פרשת ויקרא,https://he.wikipedia.org/wiki/פרשת ויקרא
השמש,223,223,השמש,https://he.wikipedia.org/wiki/השמש
השמש,223,223,כוכב,https://he.wikipedia.org/wiki/כוכב
השמש,223,223,שמש (סמל),https://he.wikipedia.org/wiki/שמש (סמל)
ביאת,225,225,יחסי אישות (הלכה),https://he.wikipedia.org/wiki/יחסי אישות (הלכה)
שמשו,226,226,גבאי,https://he.wikipedia.org/wiki/גבאי
השמש,238,238,השמש,https://he.wikipedia.org/wiki/השמש
השמש,238,238,כוכב,https://he.wikipedia.org/wiki/כוכב
השמש,238,238,שמש (סמל),https://he.wikipedia.org/wiki/שמש (סמל)
ביאת,239,239,יחסי אישות (הלכה),https://he.wikipedia.org/wiki/יחסי אישות (הלכה)
השמש,240,240,השמש,https://he.wikipedia.org/wiki/השמש
השמש,240,240,כוכב,https://he.wikipedia.org/wiki/כוכב
השמש,240,240,שמש (סמל),https://he.wikipedia.org/wiki/שמש (סמל)
יומא,244,244,יומא,https://he.wikipedia.org/wiki/יומא
יומא,244,244,מסכת יומא,https://he.wikipedia.org/wiki/מסכת יומא
רבן גמליאל,22,23,רבן גמליאל,https://he.wikipedia.org/wiki/רבן גמליאל
רבן גמליאל,22,23,רבן גמליאל ברבי,https://he.wikipedia.org/wiki/רבן גמליאל ברבי
רבן גמליאל,22,23,רבן גמליאל דיבנה,https://he.wikipedia.org/wiki/רבן גמליאל דיבנה
רבן גמליאל,22,23,רבן גמליאל הזקן,https://he.wikipedia.org/wiki/רבן גמליאל הזקן
עמוד השחר,27,28,עלות השחר,https://he.wikipedia.org/wiki/עלות השחר
עמוד השחר,27,28,עמוד השחר,https://he.wikipedia.org/wiki/עמוד השחר
עמוד השחר,45,46,עלות השחר,https://he.wikipedia.org/wiki/עלות השחר
עמוד השחר,45,46,עמוד השחר,https://he.wikipedia.org/wiki/עמוד השחר
עמוד השחר,64,65,עלות השחר,https://he.wikipedia.org/wiki/עלות השחר
עמוד השחר,64,65,עמוד השחר,https://he.wikipedia.org/wiki/עמוד השחר
עמוד השחר,72,73,עלות השחר,https://he.wikipedia.org/wiki/עלות השחר
עמוד השחר,72,73,עמוד השחר,https://he.wikipedia.org/wiki/עמוד השחר
עמוד השחר,81,82,עלות השחר,https://he.wikipedia.org/wiki/עלות השחר
עמוד השחר,81,82,עמוד השחר,https://he.wikipedia.org/wiki/עמוד השחר
קריאת שמע,120,121,קריאת שמע,https://he.wikipedia.org/wiki/קריאת שמע
קריאת שמע,120,121,קריאת שמע על המיטה,https://he.wikipedia.org/wiki/קריאת שמע על המיטה
ויהי ערב,139,140,ויהי ערב,https://he.wikipedia.org/wiki/ויהי ערב
יום אחד,143,144,יום אחד,https://he.wikipedia.org/wiki/יום אחד
צאת הכוכבים,194,195,צאת הכוכבים,https://he.wikipedia.org/wiki/צאת הכוכבים
צאת הכוכבים,198,199,צאת הכוכבים,https://he.wikipedia.org/wiki/צאת הכוכבים
צאת הכוכבים,211,212,צאת הכוכבים,https://he.wikipedia.org/wiki/צאת הכוכבים
זמן קריאת שמע,119,121,זמני היום בהלכה,https://he.wikipedia.org/wiki/זמני היום בהלכה
